Generatore,Errori,Resistenza,Errori,Induttanza,Errori,Condensatore,Errori
2.5000000E+00,1.0000000E-02,9.3248900E+02,2.5399800E+01,1.8498500E+03,1.2252500E+02,1.9122100E+03,1.6331500E+02
0.0000000E+00,0.0000000E+00,1.8989400E+03,3.9465700E+01,3.9615000E-02,2.6237700E-03,4.0792600E-02,3.4838800E-03
0.0000000E+00,0.0000000E+00,4.1273600E-02,8.3767000E-04,1.7983900E-09,1.1911100E-10,1.7728200E-09,1.5140500E-10
0.0000000E+00,0.0000000E+00,1.7367700E-09,3.5294600E-11,2.4364000E+00,1.6371000E-03,2.4268800E+00,1.6892700E-03
0.0000000E+00,0.0000000E+00,2.3389400E+00,6.3709400E-02,0.0000000E+00,0.0000000E+00,0.0000000E+00,0.0000000E+00