Generatore,Errori,Resistenza,Errori,Induttanza,Errori,Condensatore,Errori,,vecchi valori fit R,,,vecchi valori fit L,,,
2.5000000E+00,1.0000000E-02,1.0118300E+03,7.1900000E+00,2.1313300E+03,8.6016600E-03,1.9122000E+03,6.0333600E-03,,9.7100000E+02,2.5800000E+01,,1.8498500E+03,1.2252500E+02,1.9122100E+03,1.6331500E+02
0.0000000E+00,0.0000000E+00,1.1390300E+03,7.5500000E+00,4.5642900E-02,5.5389400E-08,4.0792600E-02,8.5431500E-08,,2.1200000E+03,4.4000000E+01,,3.9615000E-02,2.6237700E-03,4.0792600E-02,3.4838800E-03
0.0000000E+00,0.0000000E+00,4.7085000E-02,1.7000000E-04,1.5608800E-09,1.9966200E-15,1.7728200E-09,2.7268900E-15,,4.6100000E-02,9.3400000E-04,,1.7983900E-09,1.1911100E-10,1.7728200E-09,1.5140500E-10
0.0000000E+00,0.0000000E+00,1.5230000E-09,5.3900000E-12,2.4364000E+00,6.9576500E-06,2.4268800E+00,7.1800400E-06,,1.5500000E-09,3.1500000E-11,,2.4364000E+00,1.6371000E-03,2.4268800E+00,1.6892700E-03
0.0000000E+00,0.0000000E+00,2.4455000E+00,1.1300000E-02,0.0000000E+00,0.0000000E+00,0.0000000E+00,0.0000000E+00,,2.5100000E+00,6.8300000E-02,,0.0000000E+00,0.0000000E+00,0.0000000E+00,0.0000000E+00
