Generatore,Errori,Resistenza,Errori,Induttanza,Errori,Condensatore,Errori
2.500000E+00,1.000000E-02,9.713400E+02,2.583130E+01,1.849850E+03,1.225250E+02,1.912210E+03,1.633150E+02
0.000000E+00,0.000000E+00,2.121720E+03,4.399840E+01,3.961500E-02,2.623770E-03,4.079260E-02,3.483880E-03
0.000000E+00,0.000000E+00,4.611570E-02,9.344820E-04,1.798390E-09,1.191110E-10,1.772820E-09,1.514050E-10
0.000000E+00,0.000000E+00,1.554410E-09,3.153940E-11,2.436400E+00,1.637100E-03,2.426880E+00,1.689270E-03
0.000000E+00,0.000000E+00,2.508820E+00,6.828100E-02,0.000000E+00,0.000000E+00,0.000000E+00,0.000000E+00